tweet,username,date,hashtags,likes,retweets,url
@POTUS The votes u got in 2020 only because ppl want to live and Trump's terrible performance during covid pandemic‚Ä¶ https://t.co/N5dxnKfEk2,Lilianny2020,Mon Feb 22 17:42:36 +0000 2021,[],0,0,https://twitter.com/twitter/statuses/1363907052964220928
"Biden news  Supreme Court says Trump must release tax records as president to mark 500,000 Covid deaths. So it look‚Ä¶ https://t.co/5WuLuu85qU",brianwa98877741,Mon Feb 22 17:41:51 +0000 2021,[],0,0,https://twitter.com/twitter/statuses/1363906864216498176
i keep seeing ppl keep talking about how covid #‚Äôs suddenly down like it‚Äôs a conspiracy since trump left office. as‚Ä¶ https://t.co/giR4vYhl8X,_vtrannn,Mon Feb 22 17:36:46 +0000 2021,[],0,0,https://twitter.com/twitter/statuses/1363905586572759040
"Wow, I don't even know where to begin. 1. Trump did NOTHING for COVID relief, that was pushed through the by the De‚Ä¶ https://t.co/Ttxyy0Z12v",Julia_In_FL,Mon Feb 22 17:35:27 +0000 2021,[],0,0,https://twitter.com/twitter/statuses/1363905255784783882
It seems the media news is repeating stories over and over. They push the same trump hate or biden covid excuses. I‚Ä¶ https://t.co/ZWaqlAnRuh,wGpyP1xANtJZrFs,Mon Feb 22 17:30:58 +0000 2021,[],0,0,https://twitter.com/twitter/statuses/1363904125692481539
"Beltway Insider: Biden‚Äôs Rescue Plan, Trump, Texas, COVID, Vaccine, Immigration, Khashoggi, MARS https://t.co/Oq9dwKfWPS",JanetWa94118686,Mon Feb 22 17:29:09 +0000 2021,[],0,0,https://twitter.com/twitter/statuses/1363903667758190592
HEADLINE: Covid: Trump's chief of staff admits US cannot control pandemic : https://t.co/O9fpelI9Ty #Scrummyninja‚Ä¶ https://t.co/KU1HPmCyWo,vegasnewsninja,Mon Feb 22 17:26:05 +0000 2021,[],0,0,https://twitter.com/twitter/statuses/1363902895503011841
"Beltway Insider: Biden‚Äôs Rescue Plan, Trump, Texas, COVID, Vaccine, Immigration, Khashoggi, MARS https://t.co/DFkYRxIi1D",JanetWa94118686,Mon Feb 22 17:25:03 +0000 2021,[],0,0,https://twitter.com/twitter/statuses/1363902636374724609
"Trump Admin COVID Vaccine WORKING But Fauci Says NO NORMAL Til 2022, Med... https://t.co/UYEz7ghZjL via @YouTube",townerman1,Mon Feb 22 17:23:47 +0000 2021,[],0,0,https://twitter.com/twitter/statuses/1363902318324768773
"The truth is kids aren‚Äôt in school &amp; 500,000 Americans will die from Covid
because Trump &amp; his crew were dishonest‚Ä¶ https://t.co/Awk6voy4mh",suecorman,Mon Feb 22 17:19:34 +0000 2021,[],0,0,https://twitter.com/twitter/statuses/1363901255857414146
"Trump Admin COVID Vaccine WORKING But Fauci Says NO NORMAL Til 2022, Med... https://t.co/9t4sO7ppBq via @YouTube Fa‚Ä¶ https://t.co/LimgR5lZAP",BeauJeansonne,Mon Feb 22 17:09:08 +0000 2021,[],0,0,https://twitter.com/twitter/statuses/1363898633171722249
@DonaldJTrumpJr President Trump is the reason we have a covid vaccine to fight this disease. And he gets ZERO credi‚Ä¶ https://t.co/va9tOdetXo,Guhlman,Mon Feb 22 17:06:54 +0000 2021,[],0,0,https://twitter.com/twitter/statuses/1363898070312837128
"@RustyCpt @i0ape @michaelmalice We could have prevented 40% of the covid deaths if Trump acted sooner, didn‚Äôt downp‚Ä¶ https://t.co/Ll7fsmP8db",JulioAl35358658,Mon Feb 22 17:04:06 +0000 2021,[],0,0,https://twitter.com/twitter/statuses/1363897363753017346
tweet,username,date,hashtags,likes,retweets,url
"TOPIC PAGE: Coronavirus, oil price direction ‚Äì impact on chemicals https://t.co/TsFdNEq24O",ICISFertilizers,Mon Feb 22 17:33:32 +0000 2021,[],0,0,https://twitter.com/twitter/statuses/1363904771422261250
Area private schools see more applicants due to coronavirus impacts on public schools - https://t.co/oDynOUPbNo on @journal-news,coopmike48,Mon Feb 22 17:21:36 +0000 2021,[],0,0,https://twitter.com/twitter/statuses/1363901770926202883
üîç NRGI experts continue to analyze the coronavirus pandemic's impact on resource-rich countries. Find all our lates‚Ä¶ https://t.co/vyfJsptfy5,NRGInstitute,Mon Feb 22 17:15:00 +0000 2021,[],0,0,https://twitter.com/twitter/statuses/1363900107570184197
Tonight local doctors who have been working on the impact of Coronavirus and the vaccine on our black and ethnic mi‚Ä¶ https://t.co/md61wkghip,stellacreasy,Mon Feb 22 17:05:35 +0000 2021,[],0,0,https://twitter.com/twitter/statuses/1363897739269046276
Only a fool would think Trump‚Äôs description of the Coronavirus doesn‚Äôt severely impact innocent Americans.,Hatman57217529,Mon Feb 22 17:03:28 +0000 2021,[],0,0,https://twitter.com/twitter/statuses/1363897205044637699
"""The coronavirus pandemic saw many changes to the tax code that could impact filers who generally would have had a‚Ä¶ https://t.co/Ln7hWtBsx6",TWRHouston,Mon Feb 22 17:02:53 +0000 2021,[],0,0,https://twitter.com/twitter/statuses/1363897058252455937
tweet,username,date,hashtags,likes,retweets,url
Individual Covid rule-breakers could face jail but not employers  #Nocuts #COVID19 #workplacerights #UNISON  https://t.co/qaEYYMnVUR,UNISONCarms,Mon Feb 22 17:45:07 +0000 2021,[],0,0,https://twitter.com/twitter/statuses/1363907687134736390
"Palestinian COVID vaccine plan faces large funding gap, World Bank says https://t.co/6b4mF6mOGH",denizhan_duran,Mon Feb 22 17:40:56 +0000 2021,[],0,0,https://twitter.com/twitter/statuses/1363906632921530378
"My wife, an RN for our school district, is currently facing a huge influx of parents testing positive for Covid, al‚Ä¶ https://t.co/2oNTPu2qru",EricTodd1,Mon Feb 22 17:39:15 +0000 2021,[],0,0,https://twitter.com/twitter/statuses/1363906210886348804
This is the face of Covid in America.  He alone has been there since the start and continues to be in the front.  H‚Ä¶ https://t.co/WPsMO4Sw2h,_4Charlene,Mon Feb 22 17:35:16 +0000 2021,[],0,0,https://twitter.com/twitter/statuses/1363905207604715523
"Pregnant Women Face Higher Odds of COVID Infection - #All_Health_Fitness_Tips -  MONDAY, Feb. 22, 2021 (HealthDay N‚Ä¶ https://t.co/fbPW9uWX3h",iWeller_health,Mon Feb 22 17:29:52 +0000 2021,[],0,0,https://twitter.com/twitter/statuses/1363903849954643971
"Fed's Kaplan:
- Epidemiologists have warned that we could face one more Covid surge, this remains a key risk
- We s‚Ä¶ https://t.co/9GifDTjydc",DailyFXTeam,Mon Feb 22 17:27:03 +0000 2021,[],0,0,https://twitter.com/twitter/statuses/1363903139770941440
"Palestinian COVID vaccine plan faces large funding gap, World Bank says https://t.co/YdRya9vvw6",J39wallace,Mon Feb 22 17:19:02 +0000 2021,[],0,0,https://twitter.com/twitter/statuses/1363901122667290626
i wish i could snort the covid vaccine so i don‚Äôt have to face my fear of needles,SAlNTFAlRY,Mon Feb 22 17:09:50 +0000 2021,[],0,0,https://twitter.com/twitter/statuses/1363898807751241730
tweet,username,date,hashtags,likes,retweets,url
"@DCBMEP @BorisJohnson No, if the vaccine worked we would be able to come out of lockdown earlier now that the vulne‚Ä¶ https://t.co/rrhZV2ecCU",PippaBird,Mon Feb 22 17:45:11 +0000 2021,[],0,0,https://twitter.com/twitter/statuses/1363907704822108163
"https://t.co/a3oe0X09KP

Lockdowns don't work. Pass it on! #Covid19UK #coronavirusuk #coronavirus #scamdemic2020",MoodyBluesv2,Mon Feb 22 17:39:03 +0000 2021,[],0,0,https://twitter.com/twitter/statuses/1363906160009576453
"Well what evidence is there to show the vaccine is working? 
Why wasn't it all down to us being in lockdown, stayin‚Ä¶ https://t.co/ocnR6ID9E3",wigmore_welsh,Mon Feb 22 17:35:29 +0000 2021,[],0,0,https://twitter.com/twitter/statuses/1363905261073752064
"Vaccines are working well, but modelling shows Government must be cautious in easing lockdown https://t.co/7a9CKxqu6N",Ekklesia_co_uk,Mon Feb 22 17:26:17 +0000 2021,[],0,0,https://twitter.com/twitter/statuses/1363902949261475845
Well if @BorisJohnson thinks his lockdown road map is going to work so we can be back to normal life with no restri‚Ä¶ https://t.co/AfolN7o8yW,BORIS_A_NO_NO,Mon Feb 22 17:11:49 +0000 2021,[],0,0,https://twitter.com/twitter/statuses/1363899308836335616
"Vaccines are working well, but modelling shows Government must be cautious in easing lockdown.

There's nothing cau‚Ä¶ https://t.co/OqXGWNnJYl",gg_poulloin,Mon Feb 22 17:10:01 +0000 2021,[],0,0,https://twitter.com/twitter/statuses/1363898853741707280
"Daily Mail reports infections are up. So vaccinations, lockdown, face nappies, social distancing are working obviou‚Ä¶ https://t.co/4Fs2M7do6Z",RetroSquirrel,Mon Feb 22 17:01:34 +0000 2021,[],0,0,https://twitter.com/twitter/statuses/1363896725816160264
Public health thinks lockdowns work? HA!  Ask public health to explain the attached plot and explain which method o‚Ä¶ https://t.co/C5dv4lKGEG,spinnaker663,Mon Feb 22 17:01:28 +0000 2021,[],0,0,https://twitter.com/twitter/statuses/1363896704488136710
tweet,username,date,hashtags,likes,retweets,url
@DrAmirKhanGP Good for you / WHAT you dont show is how many deaths from this vaccine and rising folks going blind etc  its a joke ?,DDurwent,Mon Feb 22 17:45:51 +0000 2021,[],0,0,https://twitter.com/twitter/statuses/1363907872392904708
"@cjsnowdon @NewMumOnline Fair point. Good to see you returning to the fold. The vaccine ""cavalry"" is here so we nee‚Ä¶ https://t.co/lRzISAh1fm",victorking888,Mon Feb 22 17:45:23 +0000 2021,[],0,0,https://twitter.com/twitter/statuses/1363907754541395968
"Almost as good as single malt: Pfizer-BioNTech, Oxford-AstraZeneca COVID-19 vaccines very effective after one dose,‚Ä¶ https://t.co/o5m5caa1vP",CrustyMaclean,Mon Feb 22 17:43:38 +0000 2021,[],0,0,https://twitter.com/twitter/statuses/1363907315649441794
In other good news I'll be able to book my 2nd Pfizer Covid-19 vaccine dose this Thursday! Which will mean that I'l‚Ä¶ https://t.co/wRIX9YYwxT,Grasping_kulak,Mon Feb 22 17:43:12 +0000 2021,[],0,0,https://twitter.com/twitter/statuses/1363907205322465280
"If you are looking for an appt, here's some good sources of info:

COVID-19 Vaccine Signup Lists:‚Ä¶ https://t.co/kFvN32Pudq",DanMcConchie,Mon Feb 22 17:43:04 +0000 2021,[],0,0,https://twitter.com/twitter/statuses/1363907169398239232
"@piersmorgan If you really want a good question to ask the Politicians is ‚ÄúWhat is the wastage rate of the vaccine,‚Ä¶ https://t.co/mVcLCzQhaE",MattHumpo,Mon Feb 22 17:41:24 +0000 2021,[],0,0,https://twitter.com/twitter/statuses/1363906753428086784
@AliAbunimah Who in their right mind would even suggest that it's good for Palestinians not to get the vaccine ? Is this for real ?,agnosticsberlin,Mon Feb 22 17:40:57 +0000 2021,[],0,0,https://twitter.com/twitter/statuses/1363906637803769856
@Nigel_Farage Good job millions have had the vaccine to speed things up not .,roy_atkin,Mon Feb 22 17:40:54 +0000 2021,[],0,0,https://twitter.com/twitter/statuses/1363906627749953537
Good question. I think those who don't take the vaccine will still be having a much stronger immune system than tho‚Ä¶ https://t.co/hPN3RnkWNC,Milena52769243,Mon Feb 22 17:39:13 +0000 2021,[],0,0,https://twitter.com/twitter/statuses/1363906201222840322
Some good news here! #COVID„Éº19 vaccine distribution should rebound by midweek after last week's winter storm delays‚Ä¶ https://t.co/z0Qf0lPfBp,FreightWeather,Mon Feb 22 17:38:42 +0000 2021,[],0,0,https://twitter.com/twitter/statuses/1363906073292386307
"@george_spanky @ejsgale @RichardAngwin So, setting up the logistics to quickly roll out the vaccine was not a good enough beginning for you?",cadjine,Mon Feb 22 17:38:10 +0000 2021,[],0,0,https://twitter.com/twitter/statuses/1363905939489886215
"AKA Vaccine Passports...

'Sir, can I see your papers' üßê

#fuckedupshit #boris #NOGOOD #COVID19 #lies 

No Good...",NoGood46453905,Mon Feb 22 17:37:37 +0000 2021,[],0,0,https://twitter.com/twitter/statuses/1363905801639837699
Good vaccine news. The Pfizer vaccine stops community spread of Covid by 89%. That‚Äôs some major breathing room.  https://t.co/2ztMDImbXv,kathieallenmd,Mon Feb 22 17:37:08 +0000 2021,[],0,0,https://twitter.com/twitter/statuses/1363905676473368577
"i mean, i really want good news. can we get a vaccine update, too? i mean, how are we looking with that?",sheseesred,Mon Feb 22 17:36:21 +0000 2021,[],0,0,https://twitter.com/twitter/statuses/1363905479806750724
"Well @BorisJohnson please give a date where masks are optional &amp; no vaccine passports , as if vax good they don't need worry if ppl haven't",Greyadder,Mon Feb 22 17:35:43 +0000 2021,[],0,0,https://twitter.com/twitter/statuses/1363905321719242759
Should we focus the vaccine on those over 65? Seems like a good idea by @SimonWDC https://t.co/gtxdLsB4fw,VoiceOfFranky,Mon Feb 22 17:35:39 +0000 2021,[],0,0,https://twitter.com/twitter/statuses/1363905305134923782
"@_aswesterman Although the Pfizer vaccine is a good start, I am fairly sure that the Johnson&amp;Johnson/Jensen vaccine‚Ä¶ https://t.co/2a9tNccF8V",tomkimmerer,Mon Feb 22 17:35:36 +0000 2021,[],0,0,https://twitter.com/twitter/statuses/1363905293474742273
@DIorioNathaniel 10-15 million doses of the JNJ vaccine and y'all should be good.,ScuvyBob,Mon Feb 22 17:34:58 +0000 2021,[],0,0,https://twitter.com/twitter/statuses/1363905134670061569
Good job! We need to stick with mRNA vaccines as it‚Äôs likely that variants will be around for sometime and it‚Äôs lik‚Ä¶ https://t.co/PiCUhlSMML,wesSE22020,Mon Feb 22 17:34:45 +0000 2021,[],0,0,https://twitter.com/twitter/statuses/1363905079930204163
@skarlamangla Could be even less if we had a proper vaccine rollout. 233 deaths is good news? Tell that to their grieving families,JJKickz,Mon Feb 22 17:34:28 +0000 2021,[],0,0,https://twitter.com/twitter/statuses/1363905006601035778
tweet,username,date,hashtags,likes,retweets,url
@markNbrogs @bigbencorrie This time it makes no difference üíô the data from the Pfizer vaccine shows the way out is‚Ä¶ https://t.co/v17G7migyJ,grandadsblue,Mon Feb 22 17:45:42 +0000 2021,[],0,0,https://twitter.com/twitter/statuses/1363907834585440259
New study shows high protection from one dose of Pfizer vaccine https://t.co/HOgb4hVRGw,FullIrishNews,Mon Feb 22 17:45:34 +0000 2021,[],0,0,https://twitter.com/twitter/statuses/1363907799735021574
"@Inspired_dads 19% or 95%? US expert challenges Pfizer vaccine‚Äôs efficacy, triggers debates in China
https://t.co/2XRIxbLk5R",VOTINGindepend,Mon Feb 22 17:44:49 +0000 2021,[],0,0,https://twitter.com/twitter/statuses/1363907611960037377
A leaked scientific report from Israel claims Pfizer‚Äôs vaccine is stopping nine out of 10 infections and the countr‚Ä¶ https://t.co/T9UTliFOku,techreview,Mon Feb 22 17:43:53 +0000 2021,[],0,0,https://twitter.com/twitter/statuses/1363907375053369353
In other good news I'll be able to book my 2nd Pfizer Covid-19 vaccine dose this Thursday! Which will mean that I'l‚Ä¶ https://t.co/wRIX9YYwxT,Grasping_kulak,Mon Feb 22 17:43:12 +0000 2021,[],0,0,https://twitter.com/twitter/statuses/1363907205322465280
received dose 1 of the pfizer vaccine yesterday. i feel fine and i'm more enthusiastic about the microsoft family of products than ever.,kept_simple,Mon Feb 22 17:43:11 +0000 2021,[],0,0,https://twitter.com/twitter/statuses/1363907201052651532
"@erinotoole Erin,

You‚Äôre MOCKING the PM?

Canada to receive record 640K vaccine doses this week with Pfizer, Moder‚Ä¶ https://t.co/iWKYi7V6cR",CalgaryGrogu,Mon Feb 22 17:43:06 +0000 2021,[],0,0,https://twitter.com/twitter/statuses/1363907181074997251
@VectisIW @DMinghella Is that the Pfizer vaccine Jon?,SusanBurningha2,Mon Feb 22 17:42:40 +0000 2021,[],0,0,https://twitter.com/twitter/statuses/1363907069099786240
Do we know if the vaccine design has been shared for increased production? Or are Pfizer and Moderna just sittin' o‚Ä¶ https://t.co/lT4H632SyR,Lexi_Konja,Mon Feb 22 17:41:24 +0000 2021,[],0,0,https://twitter.com/twitter/statuses/1363906751918137353
Just got my first dose of the Pfizer vaccine woohoo ü•≥,eagles4life91,Mon Feb 22 17:40:55 +0000 2021,[],0,0,https://twitter.com/twitter/statuses/1363906632409886731
Call for spread of Pfizer vaccine doses as study shows high protection of one shot https://t.co/ldkFEcVxqo,s02551242,Mon Feb 22 17:40:33 +0000 2021,[],0,0,https://twitter.com/twitter/statuses/1363906538545557505
"@NBCNewYork Study out of Israel, Pfizer vaccine prevents 89.4% of transmission. Dr. Makary from John‚Äôs Hopkins thin‚Ä¶ https://t.co/Q3pqTkN6yL",brodie_sburner,Mon Feb 22 17:39:49 +0000 2021,[],0,0,https://twitter.com/twitter/statuses/1363906353912295427
"Pfizer and BioNTech demonstrating to FDA that COVID-19 vaccine BNT162b2 remains stable stored at -25¬∞C to -15¬∞C, te‚Ä¶ https://t.co/AzZUitKOpA",GELtwits,Mon Feb 22 17:39:39 +0000 2021,[],0,0,https://twitter.com/twitter/statuses/1363906313118433285
This is exciting news! Pfizer vaccine does not require the ultracold freezers as originally thought and is highly e‚Ä¶ https://t.co/mYEyDLdqxd,DeanaTanguay,Mon Feb 22 17:38:10 +0000 2021,[],0,0,https://twitter.com/twitter/statuses/1363905938592133129
"An preliminary dose of the vaccine made by Pfizer and BioNTech cuts the chance of coronavirus an infection, Public‚Ä¶ https://t.co/OoYOY936vj",Newsworldexpres,Mon Feb 22 17:37:48 +0000 2021,[],0,0,https://twitter.com/twitter/statuses/1363905846900641796
Sounds great!  We got our first Pfizer vaccine last Thursday!  Prayers that vaccine arrives quickly for everyone!,marysuzanneaita,Mon Feb 22 17:37:10 +0000 2021,[],0,0,https://twitter.com/twitter/statuses/1363905685528870913
Good vaccine news. The Pfizer vaccine stops community spread of Covid by 89%. That‚Äôs some major breathing room.  https://t.co/2ztMDImbXv,kathieallenmd,Mon Feb 22 17:37:08 +0000 2021,[],0,0,https://twitter.com/twitter/statuses/1363905676473368577
My husband officially got his first dose of the Pfizer vaccine! They were at the Javits Center for 2 hours üò¨üò¨,KerriJersey,Mon Feb 22 17:36:25 +0000 2021,[],0,0,https://twitter.com/twitter/statuses/1363905497095696384
"MORE VACCINES ON THEIR WAY:
A further supply of 12,870 doses of the Pfizer BioNTech vaccine is expected to arrive i‚Ä¶ https://t.co/EZgNYbueCJ",YourGibraltarTV,Mon Feb 22 17:35:52 +0000 2021,[],0,0,https://twitter.com/twitter/statuses/1363905360453636097
A single shot of the Pfizer vaccine cuts the chance of hospital admission and death from Covid-19 by more than 75 p‚Ä¶ https://t.co/fuHKnjvO7V,Mylastrollo,Mon Feb 22 17:35:52 +0000 2021,[],0,0,https://twitter.com/twitter/statuses/1363905358746509320
tweet,username,date,hashtags,likes,retweets,url
@bbclaurak We shouldn‚Äôt have to prove whether or not we‚Äôve had the vaccine. This is beyond wrong. Why the hell is t‚Ä¶ https://t.co/PTcOktZiTP,LianneFallon4,Mon Feb 22 17:46:03 +0000 2021,[],0,0,https://twitter.com/twitter/statuses/1363907920832978946
"@daraobriain I work in a school and I have my vaccine this Friday! And more of my colleagues have had theirs, But t‚Ä¶ https://t.co/KQmqQF0FW0",Skellzie7,Mon Feb 22 17:46:02 +0000 2021,[],0,0,https://twitter.com/twitter/statuses/1363907919008444417
Indian vaccine makers say can quickly adapt to tackle variants - Reuters https://t.co/eASH3Kp6HN,AndrewFrancis5,Mon Feb 22 17:46:02 +0000 2021,[],0,0,https://twitter.com/twitter/statuses/1363907918781890567
UN to rich nations: Don‚Äôt undermine Covax vaccine¬†program https://t.co/IS73SS5Br9,Khabrinewsindia,Mon Feb 22 17:46:01 +0000 2021,[],0,0,https://twitter.com/twitter/statuses/1363907913681575936
@GovLarryHogan The last 3 weeks I have been getting notifications of vaccine availability and EVERY ONE is Baltimor‚Ä¶ https://t.co/Si5M1Mmh0j,ladymlee1,Mon Feb 22 17:46:01 +0000 2021,[],0,0,https://twitter.com/twitter/statuses/1363907912490450944
@LiloStainton @NJSpotlightNews @colleenodea @HudCoTweet @GovMurphy should increase vaccine supply to Jersey City an‚Ä¶ https://t.co/2horWgFPKf,garymurphy30,Mon Feb 22 17:46:00 +0000 2021,[],0,0,https://twitter.com/twitter/statuses/1363907911731326977
"Another ""coincidence"" or ""incidental"" death from the vaccine? #SeriousQuestion https://t.co/RLUX0RFSIY",normsaid,Mon Feb 22 17:46:00 +0000 2021,[],0,0,https://twitter.com/twitter/statuses/1363907910602956800
The Do‚Äôs and Don‚Äôts on Social Media for Vaccine Haves and Have-Nots - #GAYNRD https://t.co/f3RFXUqISW,NrdGay,Mon Feb 22 17:46:00 +0000 2021,[],0,0,https://twitter.com/twitter/statuses/1363907910569451524
@ya_taiem The reason behind taking the vaccine is for the body to produce antibodies against the virus because you‚Ä¶ https://t.co/DID6cxZCJo,11Shortyjd,Mon Feb 22 17:46:00 +0000 2021,[],0,0,https://twitter.com/twitter/statuses/1363907909713883136
"Vaccine passports could be used as part of the roadmap to ease England's lockdown

https://t.co/ucUfyhMzCT",LivEchonews,Mon Feb 22 17:46:00 +0000 2021,[],0,0,https://twitter.com/twitter/statuses/1363907908640010244
"Aviation COVID-19: As vaccine inequality worsens, UK calls for vaccination ceasefire  https://t.co/tguz5hy0ck",OfsMax,Mon Feb 22 17:46:00 +0000 2021,[],0,0,https://twitter.com/twitter/statuses/1363907908447195148
"@kimbyne Almost certainly but at least *this* time there‚Äôs a big vaccine roll-out. 

HOWEVER... the huge risk is th‚Ä¶ https://t.co/A76aPzEzkg",totalkhaos,Mon Feb 22 17:45:59 +0000 2021,[],0,0,https://twitter.com/twitter/statuses/1363907905704128515
"Exciting NEWS about COVID-19 Vaccinations in Habersham County!
Governor Brian Kemp announced that Habersham County‚Ä¶ https://t.co/mmjHwBoBGx",HabershamMed,Mon Feb 22 17:45:58 +0000 2021,[],0,0,https://twitter.com/twitter/statuses/1363907901094584320
"Wow, entitled much? Most people in your age range are the same. And there are WAY more important vaccines to admini‚Ä¶ https://t.co/Y6CN4ySVud",deeders25,Mon Feb 22 17:45:58 +0000 2021,[],0,0,https://twitter.com/twitter/statuses/1363907900775653378
Attention citizens! Your Dept. Of Pandemia regrets to inform you things remain terrible and you all need the vaccin‚Ä¶ https://t.co/4m2HAYuZ3n,AlexBerenson,Mon Feb 22 17:45:57 +0000 2021,[],0,0,https://twitter.com/twitter/statuses/1363907896883503111
"Lots of talk about Denmark and fair play to them, I have family there. But below is the vaccine rollout league tabl‚Ä¶ https://t.co/GwLoBHPzLi",DanielButlerFG,Mon Feb 22 17:45:57 +0000 2021,[],0,0,https://twitter.com/twitter/statuses/1363907895604224007
@VAKruta @rumrac @MeghanMcCain The reality is that no vaccine protects you 100% from contracting the virus.,toots717,Mon Feb 22 17:45:57 +0000 2021,[],0,0,https://twitter.com/twitter/statuses/1363907895163817989
WATCH: The Investing.Hustler Just Leaked This Video About Bill Gates Exposing The Truth Behind Vaccine... https://t.co/FkQNm6OyJT,6ixWars,Mon Feb 22 17:45:56 +0000 2021,[],0,0,https://twitter.com/twitter/statuses/1363907894161342469
@Femi_Sorry So creative second class citizens out of people who have not been able to get the vaccine or whilst not‚Ä¶ https://t.co/9ZevKTeEdJ,markwh2001,Mon Feb 22 17:45:55 +0000 2021,[],0,0,https://twitter.com/twitter/statuses/1363907888159354880
The amount of anti-vax folks in the beginning of this pandemic and the scarcity of COVID-19 vaccinesü•¥ Something isn‚Ä¶ https://t.co/pnsJbzfabW,soo_iicey,Mon Feb 22 17:45:54 +0000 2021,[],0,0,https://twitter.com/twitter/statuses/1363907884396986370
tweet,username,date,hashtags,likes,retweets,url
@nypost Oh hell no. Vaccine üíâ on mask off. This guys 15 minutes is UP!,ReviloBuzby,Mon Feb 22 17:45:53 +0000 2021,[],0,0,https://twitter.com/twitter/statuses/1363907882140397568
As long as Dr. Fauci can keep Americans muzzled behind masks the Democrats will use Covid-19 as their excuse to wea‚Ä¶ https://t.co/aCeY3vlw7u,DIANENE53103210,Mon Feb 22 17:45:41 +0000 2021,[],0,0,https://twitter.com/twitter/statuses/1363907831661875200
@MeghanMcCain was mad at Fauci for a year when he made the incorrect recommendation to not wear masks but now she w‚Ä¶ https://t.co/Ja1aL0Fgkz,CGuy1992,Mon Feb 22 17:45:37 +0000 2021,[],0,0,https://twitter.com/twitter/statuses/1363907814930997249
"I‚Äôm fully vaccinated and I still:
ü¶† mask
ü¶† social distance 
ü¶† wash my hands all the time 
ü¶† wipe off groceries 
ü¶† d‚Ä¶ https://t.co/Mpn4IPZzUJ",vballerin,Mon Feb 22 17:45:19 +0000 2021,[],0,0,https://twitter.com/twitter/statuses/1363907738242322433
@Alan_McGuinness Does social contact mean social distancing? Or is that and masks being reviewed seperately?,howardstaveley,Mon Feb 22 17:44:56 +0000 2021,[],0,0,https://twitter.com/twitter/statuses/1363907639399317508
We are muzzled but still not masked in BC. #bcpoli #covid19bc,SagePonchie,Mon Feb 22 17:44:48 +0000 2021,[],0,0,https://twitter.com/twitter/statuses/1363907609678417924
@devisridhar Boris did not mention wearing masks and social distancing. He should really focus wearing masks üò∑ while easing lockdown.,Pasang02728507,Mon Feb 22 17:44:43 +0000 2021,[],0,0,https://twitter.com/twitter/statuses/1363907586022649859
"@Livinavanlife @benshapiro I would like Fauci job , we can all play the guessing game the way he does . use mask ,‚Ä¶ https://t.co/WlolgMku0L",Robert71227546,Mon Feb 22 17:44:40 +0000 2021,[],0,0,https://twitter.com/twitter/statuses/1363907574253248515
"@latimes üö® #COVID19 #CORONAVIRUS

‚û°Ô∏è Help Save Lives:

üò∑  Wear a Mask
‚úîÔ∏è  Social Distance
‚úîÔ∏è  Wash Your Hands
‚úîÔ∏è  A‚Ä¶ https://t.co/Oar2oQjTMX",Rosenchild,Mon Feb 22 17:44:39 +0000 2021,[],0,0,https://twitter.com/twitter/statuses/1363907570264645637
"Even with vaccine rollout, Dr. Fauci says Americans might still need to wear face masks in 2022 https://t.co/mWgqoBDFte",1stKiersten,Mon Feb 22 17:44:28 +0000 2021,[],0,0,https://twitter.com/twitter/statuses/1363907525154848769
@JamesMelville He‚Äôs really stupid. In Australia they don‚Äôt wear masks and don‚Äôt socially distance. They go to work‚Ä¶ https://t.co/JXOwAvqZsU,linda04336215,Mon Feb 22 17:44:09 +0000 2021,[],0,0,https://twitter.com/twitter/statuses/1363907445291184128
So masks work for one virus but not another? Total BS,mikeyettl,Mon Feb 22 17:43:54 +0000 2021,[],0,0,https://twitter.com/twitter/statuses/1363907381739028489
"@GrannyResister @blaireerskine @MeghanMcCain #COVID19, 
The very people who went about the country, holding mask le‚Ä¶ https://t.co/j5dgbIvUqf",ppl4justice,Mon Feb 22 17:43:51 +0000 2021,[],0,0,https://twitter.com/twitter/statuses/1363907369915346951
"@tomhfh Have you actually looked at the gov paper? Social distancing, masks, WFH, Covid certificates and a test to‚Ä¶ https://t.co/vxKzuWQKQ8",martin1219,Mon Feb 22 17:43:48 +0000 2021,[],0,0,https://twitter.com/twitter/statuses/1363907355663024128
"@burkewhy @daraobriain Shop workers and transport staff work in environments in which masks are worn, social distan‚Ä¶ https://t.co/8CAPxmMixa",BobBobs64,Mon Feb 22 17:43:42 +0000 2021,[],0,0,https://twitter.com/twitter/statuses/1363907331667410944
"We are almost one whole year into the pandemic. 500,000 deaths. If you‚Äôre still not wearing a mask and social dista‚Ä¶ https://t.co/BysRZOHfmF",bwaybaby629,Mon Feb 22 17:43:36 +0000 2021,[],0,0,https://twitter.com/twitter/statuses/1363907307701157888
"@TomiLahren @united https://t.co/BueOJO0axl

Conservatives that buy into Tomi's lies about masks are the biggest assholes.",ChazAnancini,Mon Feb 22 17:43:36 +0000 2021,[],0,0,https://twitter.com/twitter/statuses/1363907304257560578
"@NBCNewYork I can follow the rules. I will soon have my second vaccine and I don't mind wearing a mask. 
I would no‚Ä¶ https://t.co/Mycf10egYn",Marymiguelkraus,Mon Feb 22 17:43:31 +0000 2021,[],0,0,https://twitter.com/twitter/statuses/1363907284296949761
"@Moh__Sarkee @mamman_nas Yes Sir, I will gist you about his sanitizer and face mask deals at peak of the pandemic.‚Ä¶ https://t.co/UC44yAeZYr",mallamsadeeq,Mon Feb 22 17:43:09 +0000 2021,[],0,0,https://twitter.com/twitter/statuses/1363907193238601728
@BentzICT I‚Äôm struggling to find his actual grievance with Fauci.   Seems like Fauci indicated mask wearing could c‚Ä¶ https://t.co/pzNr1vo0QA,KingReddy22,Mon Feb 22 17:43:05 +0000 2021,[],0,0,https://twitter.com/twitter/statuses/1363907174347403265
tweet,username,date,hashtags,likes,retweets,url
@MeghanMcCain no. we need you to be quiet and educate yourself. the fact that you think that anything covid is an e‚Ä¶ https://t.co/xoUMi4zBc9,rigbysmom1,Mon Feb 22 17:41:29 +0000 2021,[],0,0,https://twitter.com/twitter/statuses/1363906771299885056
@andrew_lilico I genuinely don't think anyone who doesn't want to have a Covid vaccine wants anyone to modify their‚Ä¶ https://t.co/Fy0DQR6hPF,SophieR66723937,Mon Feb 22 17:40:32 +0000 2021,[],0,0,https://twitter.com/twitter/statuses/1363906534250606593
@RichardBurgon I think the zero Covid ship has sailed for the UK. Doesn‚Äôt mean you can‚Äôt kee squashing it via vacci‚Ä¶ https://t.co/gpPjExCHM0,johovishta,Mon Feb 22 17:39:44 +0000 2021,[],0,0,https://twitter.com/twitter/statuses/1363906334563860482
"Personally, I think there has been enough silence from the government in regards to Covid relief, but then again I'‚Ä¶ https://t.co/KJqoDtuWjM",thehistoryian,Mon Feb 22 17:35:23 +0000 2021,[],0,0,https://twitter.com/twitter/statuses/1363905235970908160
Finally! Covid Vaccine booked for March 1st! Had to make a few phone calls as I think they forgot about me but all‚Ä¶ https://t.co/SLO59rV0cR,ChrisLeeTM,Mon Feb 22 17:32:14 +0000 2021,[],0,0,https://twitter.com/twitter/statuses/1363904446158241802
Your da thinks he's broken free of government held chains because he posts twice a day on Facebook saying the covid vaccine is dangerous,MurrayIsHere,Mon Feb 22 17:32:08 +0000 2021,[],0,0,https://twitter.com/twitter/statuses/1363904421374160902
"I think my next article is going to be on the pervasive use of BMI, especially in light of Covid vaccine access. No‚Ä¶ https://t.co/iTj74JigGT",hillaryaash,Mon Feb 22 17:31:05 +0000 2021,[],0,0,https://twitter.com/twitter/statuses/1363904154381529092
do you ever think about how if the whole world followed the vietnam model for covid strategy the pandemic wouldve been over,OrbSquid,Mon Feb 22 17:25:24 +0000 2021,[],0,0,https://twitter.com/twitter/statuses/1363902723532406784
people are just gonna forget about the 120k people the tories let die due to covid and think of their pandemic hand‚Ä¶ https://t.co/WokljthZYQ,imgrandsure,Mon Feb 22 17:22:07 +0000 2021,[],0,0,https://twitter.com/twitter/statuses/1363901899141963777
"I think, if Eren was experiencing Covid pandemic: He‚Äôd be one of the first to get angry at people for not taking it‚Ä¶ https://t.co/W3PNDrQNG4",lastofthecrazy1,Mon Feb 22 17:18:28 +0000 2021,[],0,0,https://twitter.com/twitter/statuses/1363900978735558658
You think considering the entire team had covid they wouldn't rush into a decision like this. Also not requiring a‚Ä¶ https://t.co/g0XnW1BAIt,SharpenedSabres,Mon Feb 22 17:14:41 +0000 2021,[],0,0,https://twitter.com/twitter/statuses/1363900026712391682
@internetshade @kylegriffin1 You QAnon cultists think Covid is a Deep State conspiracy started by Hillary Clinton https://t.co/O9Y8bnFYyG,JaneAustenMaui,Mon Feb 22 17:14:35 +0000 2021,[],0,0,https://twitter.com/twitter/statuses/1363900002339274758
"@GMB If the residents have had the the vaccine, what‚Äôs the problem?? The vaccine doesn‚Äôt stop Covid! And it‚Äôs ridiculous to think that",chuds67,Mon Feb 22 17:13:54 +0000 2021,[],0,0,https://twitter.com/twitter/statuses/1363899830481879043
@govkristinoem @ezralevant Anyone that thinks their covid relief is anything more than bailing our democratic state‚Ä¶ https://t.co/LcPfAZETWr,tr6_guy,Mon Feb 22 17:09:26 +0000 2021,[],0,0,https://twitter.com/twitter/statuses/1363898707624800256
"ICYMI: Can we really start thinking about life after Covid? Here, @bopinion's  @skgreen &amp; @foxjust discuss the case‚Ä¶ https://t.co/toszv3NIzC",BWilliLiou,Mon Feb 22 17:09:22 +0000 2021,[],0,0,https://twitter.com/twitter/statuses/1363898689476055040
I think it‚Äôs because it feels like I just had one thanks to COVID making everything go by so fast (plus this is tec‚Ä¶ https://t.co/9N3MPHUWXr,ungodIykordei,Mon Feb 22 17:07:23 +0000 2021,[],0,0,https://twitter.com/twitter/statuses/1363898189364011016
tweet,username,date,hashtags,likes,retweets,url
"Tested negative for Covid last week.
Being retested today because a coworker tested positive, no symptoms, had the Covid vaccine.
üôÑüôÑ",ShellLvsBenWade,Mon Feb 22 17:18:07 +0000 2021,[],0,0,https://twitter.com/twitter/statuses/1363900891330322437
@santanderukhelp Your ‚Äúmanager‚Äù of security has just said it‚Äôs ok for us to go into branch with Covid symptoms else‚Ä¶ https://t.co/TERIYSKa5h,_Miss_KatieXX,Mon Feb 22 17:13:58 +0000 2021,[],0,0,https://twitter.com/twitter/statuses/1363899847670198282
"@GMB Why are going to have a vaccine when we dnt even have covid nor any symptoms, iv never had a any other vaccine‚Ä¶ https://t.co/FmsBGwJwia",hollandmckenzi2,Mon Feb 22 17:01:21 +0000 2021,[],0,0,https://twitter.com/twitter/statuses/1363896671910903809
"As advertised, the 2nd dose of the Moderna Covid vaccine produced symptoms. Bad news: it sucked Good news: it only‚Ä¶ https://t.co/x8kptXe1QR",KnifeBaby3,Mon Feb 22 17:00:03 +0000 2021,[],0,0,https://twitter.com/twitter/statuses/1363896347028426753
